id,title,description,photo,price,category_id,seller_id,created,updated
4,"Taira Clan Saga, The (Shin heike monogatari)",Data Coordinator,NuncProinAt.mp3,1440.95,20,1,2023-10-22 14:55:21,2023-10-24 00:10:47
5,Dead or Alive 2: Tôbôsha,Automation Specialist II,DiamNamTristique.gif,6853.61,5,11,2023-10-21 08:14:01,2023-10-23 17:00:21
6,Cosmopolis,Staff Scientist,AmetEleifend.avi,7838.87,4,3,2023-10-22 00:22:15,2023-10-21 17:27:25
7,Women on the Verge of a Nervous Breakdown (Mujeres al borde de un ataque de nervios),Community Outreach Specialist,Metus.jpeg,4577.66,14,20,2023-10-21 02:20:56,2023-10-21 15:34:36
8,Pick-up Summer (Pinball Summer),Automation Specialist II,Est.mov,1570.66,18,15,2023-10-24 15:51:55,2023-10-21 17:51:42
9,Into the Arms of Strangers: Stories of the Kindertransport,Staff Accountant II,Justo.jpeg,9807.37,11,18,2023-10-22 18:58:23,2023-10-22 16:00:46
10,Big Daddy,Recruiter,UltricesPosuere.gif,7445.99,3,8,2023-10-22 20:49:56,2023-10-21 00:17:25
11,"Lay of the Land, The",Senior Sales Associate,LobortisVel.xls,5913.45,4,12,2023-10-22 01:04:54,2023-10-24 07:32:15
12,Son of God,Physical Therapy Assistant,Diam.mp3,19.72,16,14,2023-10-23 21:42:07,2023-10-23 23:04:46
13,Raincoat,Safety Technician II,PellentesqueUltrices.xls,2769.47,8,5,2023-10-24 17:21:20,2023-10-21 02:23:16
14,"War Is Over, The (Guerre est finie, La)",Recruiter,LectusPellentesque.jpeg,9748.82,14,11,2023-10-24 03:31:04,2023-10-21 10:53:15
15,At First Sight,Business Systems Development Analyst,Donec.mpeg,5067.0,3,4,2023-10-23 14:12:31,2023-10-24 20:04:10
16,Blazing Guns,Programmer Analyst I,Odio.gif,4750.97,18,14,2023-10-24 20:56:04,2023-10-23 07:27:57
17,Midnight,GIS Technical Architect,DonecSemper.xls,256.06,8,1,2023-10-23 20:12:37,2023-10-21 20:16:59
18,Wheels on Meals (Kuai can che),Tax Accountant,MaurisUllamcorperPurus.doc,2151.07,4,13,2023-10-21 07:36:49,2023-10-21 08:29:21
19,Texas Killing Fields,Occupational Therapist,Commodo.avi,1331.24,10,6,2023-10-24 14:48:21,2023-10-22 03:04:12
20,Hamlet,Analyst Programmer,Tristique.ppt,4290.28,16,10,2023-10-24 21:30:15,2023-10-23 00:00:20
21,Brassed Off,Social Worker,Vel.mov,6450.27,15,12,2023-10-24 03:39:22,2023-10-21 07:41:56
22,Il fiore dai petali d'acciaio,Sales Representative,NonummyInteger.doc,9686.41,13,10,2023-10-24 16:01:04,2023-10-23 17:03:38
23,"Goodbye, 20th Century",Administrative Assistant III,ElitSodalesScelerisque.png,753.22,4,10,2023-10-21 18:57:34,2023-10-22 09:12:33
24,Once Bitten,Director of Sales,ConsequatIn.png,1361.31,17,3,2023-10-24 11:32:40,2023-10-24 16:56:03
25,Chasing Liberty,Programmer Analyst IV,Pellentesque.ppt,7533.59,6,6,2023-10-21 20:01:55,2023-10-21 19:30:24
26,In Old Arizona,VP Quality Control,Aenean.xls,838.45,11,11,2023-10-22 03:10:17,2023-10-21 22:03:54
27,Hunt vs Lauda: F1's Greatest Racing Rivals,Staff Accountant III,IdLuctus.mp3,5749.25,18,20,2023-10-23 08:04:05,2023-10-24 11:10:15
28,El chocolate del loro,Administrative Assistant II,MaurisNonLigula.avi,9539.77,9,19,2023-10-24 00:43:34,2023-10-21 09:59:17
29,Life 2.0,Biostatistician II,Magnis.avi,1567.35,16,1,2023-10-23 04:37:47,2023-10-22 22:48:40
30,The Return of Ringo,Geological Engineer,VelLectus.txt,547.09,10,20,2023-10-22 00:37:59,2023-10-22 00:22:03
31,McLintock!,Programmer Analyst IV,NullaNuncPurus.ppt,3399.93,7,2,2023-10-22 06:31:00,2023-10-22 17:53:07
32,Wrong Turn 5: Bloodlines,Statistician II,Ornare.avi,3166.3,10,7,2023-10-21 08:45:06,2023-10-24 07:05:55
33,Wind,Compensation Analyst,QuamPede.xls,837.27,11,15,2023-10-22 11:27:56,2023-10-22 13:17:40
34,Dr. Jekyll and Mr. Hyde,Social Worker,CubiliaCuraeMauris.tiff,7052.07,14,14,2023-10-24 01:47:51,2023-10-23 09:15:16
35,Not Another Happy Ending,Software Test Engineer II,AcTellus.avi,2566.54,8,5,2023-10-21 02:12:19,2023-10-23 19:29:15
36,Herbie: Fully Loaded,Occupational Therapist,NonMaurisMorbi.jpeg,1383.37,8,19,2023-10-22 07:58:05,2023-10-21 12:03:15
37,Out of Balance: ExxonMobil's Impact on Climate Change,Compensation Analyst,Lobortis.ppt,1779.82,2,16,2023-10-24 20:28:40,2023-10-22 06:49:41
38,Tarzan Finds a Son!,Statistician II,EtMagnisDis.avi,9871.86,14,15,2023-10-23 04:55:05,2023-10-21 15:13:54
39,Crazy Horse,Project Manager,NequeAeneanAuctor.doc,5757.11,12,7,2023-10-23 06:48:07,2023-10-23 12:43:58
40,Pale Flower (Kawaita hana),Environmental Specialist,Nunc.doc,4777.43,3,9,2023-10-23 14:24:21,2023-10-23 12:32:06
41,Sacred Heart,Environmental Tech,VenenatisTristique.avi,6199.99,10,12,2023-10-23 21:32:37,2023-10-24 06:15:46
42,Short Time,Dental Hygienist,Faucibus.avi,9775.62,11,11,2023-10-23 23:54:19,2023-10-24 07:17:48
43,Gagarin: First in Space,Editor,OrciMauris.tiff,4386.01,5,11,2023-10-24 15:25:28,2023-10-21 00:42:31
44,"Guy Named Joe, A",Assistant Manager,ImperdietSapien.avi,4014.7,12,2,2023-10-24 21:44:15,2023-10-21 15:01:14
45,Boots and Saddles,Nuclear Power Engineer,Lacus.avi,3888.56,8,9,2023-10-23 06:39:36,2023-10-21 22:44:56
46,"Soldier's Tale, A",Executive Secretary,Non.txt,5096.19,9,7,2023-10-23 14:00:21,2023-10-23 09:41:52
47,The Spiritual Boxer,Computer Systems Analyst II,Mauris.pdf,3453.36,1,8,2023-10-22 02:41:03,2023-10-24 00:45:28
48,To the Sea (Alamar),Director of Sales,Convallis.ppt,4272.3,7,20,2023-10-23 14:34:32,2023-10-24 06:36:49
49,"New One-Armed Swordsman, The (Xin du bi dao)",Executive Secretary,Lacinia.jpeg,815.02,3,4,2023-10-24 19:50:12,2023-10-23 16:12:01
50,Mahler,Food Chemist,LectusSuspendisse.doc,6453.92,4,15,2023-10-22 23:07:31,2023-10-22 23:28:20
51,Rashomon (Rashômon),VP Product Management,JustoAliquamQuis.mp3,3942.16,16,9,2023-10-21 16:13:57,2023-10-23 13:13:12
52,Son of Batman,Systems Administrator II,Integer.mpeg,9780.78,16,4,2023-10-24 17:25:34,2023-10-24 19:49:42
53,Love's Enduring Promise,Research Assistant I,Vel.gif,8965.32,6,10,2023-10-23 02:24:55,2023-10-24 15:15:07
54,Camarón: When Flamenco Became Legend,Assistant Manager,OdioPorttitor.mp3,2493.11,8,8,2023-10-23 21:14:34,2023-10-23 19:40:11
55,Agony (a.k.a. Rasputin) (Agoniya),Registered Nurse,TemporTurpisNec.ppt,7294.0,10,14,2023-10-22 02:29:21,2023-10-22 09:15:41
56,Condo Painting,Quality Control Specialist,Est.doc,108.97,20,20,2023-10-22 13:09:27,2023-10-24 15:33:35
57,Hider in the House,Financial Advisor,Proin.xls,800.29,5,19,2023-10-21 02:34:53,2023-10-24 08:21:13
58,Naughty Marietta,Environmental Tech,AccumsanFelisUt.avi,3342.62,11,12,2023-10-24 04:13:22,2023-10-23 15:52:17
59,"Power of One, The",Senior Sales Associate,EtUltricesPosuere.tiff,7462.07,3,15,2023-10-24 10:07:25,2023-10-24 23:40:49
60,"Neighbor, The",Nurse Practicioner,VelAugue.avi,115.92,12,15,2023-10-24 14:11:44,2023-10-21 10:24:51
61,If God Is Willing and da Creek Don't Rise,Business Systems Development Analyst,Vel.xls,1756.62,2,20,2023-10-21 17:24:45,2023-10-21 19:41:56
62,Reykjavik-Rotterdam,Occupational Therapist,LacusCurabitur.ppt,5591.58,3,7,2023-10-23 17:10:13,2023-10-24 11:56:15
63,"Man from Snowy River, The",Web Designer IV,OdioElementum.ppt,4689.79,10,7,2023-10-24 04:42:27,2023-10-21 20:39:48
64,A Justified Life: Sam Peckinpah and the High Country,Account Executive,NullaFacilisi.ppt,1694.89,16,14,2023-10-21 21:50:14,2023-10-23 00:37:46
65,Gen 13 (a.k.a. Gen13: The Animated Movie),Structural Analysis Engineer,EgetMassa.mp3,6665.9,12,6,2023-10-22 13:50:13,2023-10-21 08:13:37
66,Wild Wild West,Senior Cost Accountant,LacusAt.gif,4029.78,12,20,2023-10-23 03:21:52,2023-10-22 01:59:32
67,California Suite,Safety Technician I,VariusNullaFacilisi.xls,1768.56,7,19,2023-10-22 03:04:02,2023-10-23 00:32:36
68,Dirty Ho (Lan tou He),Technical Writer,EtUltrices.jpeg,8200.96,3,14,2023-10-23 07:19:31,2023-10-22 12:16:18
69,"Skulls, The",Food Chemist,Pede.ppt,7427.03,3,18,2023-10-22 18:55:33,2023-10-24 15:20:01
70,Norwegian Ninja,Payment Adjustment Coordinator,ProinEuMi.ppt,9793.44,5,12,2023-10-21 08:59:25,2023-10-21 14:00:44
71,Brother,Operator,PellentesqueAtNulla.tiff,2255.84,11,4,2023-10-23 06:34:44,2023-10-24 01:28:56
72,I Hired a Contract Killer,Associate Professor,CurabiturAt.mpeg,623.33,15,7,2023-10-23 11:38:15,2023-10-23 11:33:29
73,7 Khoon Maaf,Web Developer III,EtiamVel.xls,6480.6,2,2,2023-10-21 07:56:03,2023-10-24 06:41:50
74,Ginger and Fred (Ginger e Fred),Chief Design Engineer,Eros.txt,979.14,9,11,2023-10-22 03:48:17,2023-10-21 05:51:25
75,"Greatest Show on Earth, The",Senior Editor,CuraeNulla.mp3,9311.59,6,16,2023-10-22 12:48:27,2023-10-23 04:25:09
76,Beastie Boys: Sabotage,Programmer II,UltricesMattisOdio.avi,225.85,11,15,2023-10-21 20:20:13,2023-10-24 07:36:53
77,First on the Moon (Pervye na Lune),Analyst Programmer,QuisLiberoNullam.mp3,3616.63,19,17,2023-10-23 03:42:51,2023-10-22 07:43:15
78,Some Days Are Better Than Others,Paralegal,Semper.pdf,5526.01,19,16,2023-10-23 02:23:54,2023-10-23 06:29:15
79,My Man Godfrey,Marketing Manager,DolorSit.doc,984.89,2,12,2023-10-24 06:55:03,2023-10-22 18:20:12
80,What Richard Did,Clinical Specialist,NequeDuisBibendum.xls,3298.35,14,10,2023-10-23 20:50:52,2023-10-21 18:29:51
81,Christopher Strong,Human Resources Assistant IV,Vulputate.gif,9514.15,6,9,2023-10-21 00:36:39,2023-10-22 20:21:19
82,"Great Buck Howard, The",Office Assistant II,VelDapibusAt.ppt,551.55,18,2,2023-10-24 22:36:17,2023-10-24 12:25:26
83,Eat Drink Man Woman (Yin shi nan nu),Environmental Specialist,EtErosVestibulum.ppt,864.03,14,2,2023-10-24 02:22:43,2023-10-24 06:08:02
84,Deception,Web Developer II,GravidaNisiAt.jpeg,253.72,20,15,2023-10-22 08:36:05,2023-10-23 20:02:03
85,Flight Command,Professor,EratQuisque.avi,5484.46,1,13,2023-10-23 06:48:19,2023-10-23 17:19:48
86,Island in the Sun,Project Manager,VelPedeMorbi.avi,4730.96,11,18,2023-10-24 14:28:06,2023-10-24 18:13:04
87,Traffic Affairs (Mitfahrer),Product Engineer,LectusInQuam.jpeg,2360.16,19,20,2023-10-22 00:57:41,2023-10-21 05:26:32
88,Tristana,Staff Scientist,Risus.mp3,6637.04,12,13,2023-10-22 23:36:29,2023-10-22 16:06:38
89,Soft Toilet Seats,VP Accounting,DictumstAliquam.png,7016.05,12,5,2023-10-21 04:37:42,2023-10-23 07:20:02
90,"J. Gang Meets Dynamite Harry, The (Jönssonligan & DynamitHarry)",VP Accounting,InEst.avi,6997.46,14,16,2023-10-23 17:15:54,2023-10-23 12:32:35
91,Ann Carver's Profession,Developer II,OdioCrasMi.ppt,311.44,18,15,2023-10-21 23:36:36,2023-10-22 04:14:12
92,Dirty Deeds,Assistant Professor,CursusVestibulum.mp3,6075.72,7,5,2023-10-23 23:04:14,2023-10-22 03:32:29
93,Craig Ferguson: Does This Need to Be Said?,Human Resources Assistant III,Vestibulum.avi,7179.64,2,17,2023-10-22 00:55:35,2023-10-21 08:37:04
94,"Cross of Lorraine, The",Teacher,TempusVel.ppt,729.26,17,3,2023-10-21 12:05:27,2023-10-24 10:28:20
95,Bill & Ted's Bogus Journey,Analog Circuit Design manager,SedVestibulum.xls,1081.81,12,7,2023-10-24 17:41:27,2023-10-24 20:25:53
96,Saturday Night Fever,Librarian,SapienNon.pdf,6589.53,7,5,2023-10-23 11:14:42,2023-10-23 23:04:13
97,"High Wind in Jamaica, A",Project Manager,DonecUtDolor.avi,6302.83,3,3,2023-10-24 12:38:01,2023-10-23 22:52:25
98,Man in the Saddle,Data Coordinator,DolorMorbi.mp3,8667.48,13,1,2023-10-22 16:11:13,2023-10-23 01:34:57
99,Ben-Hur,Statistician III,Quisque.mp3,1720.15,5,5,2023-10-23 04:28:56,2023-10-22 20:20:30
100,The Count of Monte Cristo,Mechanical Systems Engineer,InFaucibusOrci.mp3,1910.29,14,19,2023-10-23 01:46:54,2023-10-23 21:46:28
101,Resurrect Dead: The Mystery of the Toynbee Tiles,VP Accounting,QuamNec.avi,6014.46,7,2,2023-10-23 11:31:36,2023-10-22 15:52:10
102,With a Song in My Heart,Office Assistant I,Dui.gif,3850.6,18,4,2023-10-23 04:27:40,2023-10-23 23:15:07
103,Sita Sings the Blues,Administrative Officer,Vestibulum.avi,397.35,11,2,2023-10-21 12:41:49,2023-10-24 12:40:12
104,Ill-Fated Love (Doomed Love) (Amor de Perdição),Physical Therapy Assistant,Justo.jpeg,7362.7,11,6,2023-10-24 10:05:34,2023-10-21 04:07:40
105,"Night in Heaven, A",Research Assistant I,NamTristique.tiff,7759.22,11,14,2023-10-24 04:15:01,2023-10-23 02:34:33
106,"Manhattan Project, The",Community Outreach Specialist,EtMagnis.tiff,3421.08,6,9,2023-10-24 12:59:00,2023-10-23 14:43:17
107,Blackballed: The Bobby Dukes Story,Product Engineer,Pede.mp3,5881.63,13,19,2023-10-23 09:16:37,2023-10-22 12:08:37
108,Contagion,Librarian,NullaNuncPurus.pdf,1979.84,7,7,2023-10-24 09:09:09,2023-10-21 19:56:18
109,"Hypnotist, The (Hypnotisören)",Automation Specialist III,QuamSollicitudin.avi,6965.49,3,5,2023-10-21 05:36:19,2023-10-24 13:01:11
110,Reckless,Environmental Specialist,SedLacusMorbi.mp3,1033.27,1,9,2023-10-23 16:51:40,2023-10-24 10:33:32
111,Gambling City,Automation Specialist IV,Ipsum.jpeg,7421.8,11,3,2023-10-21 14:04:54,2023-10-21 13:08:38
112,"Like Father, Like Son",VP Sales,VestibulumAnte.mp3,3445.46,6,5,2023-10-22 02:30:11,2023-10-24 16:12:56
113,Robot,Compensation Analyst,DiamNeque.mp3,1744.93,14,6,2023-10-24 17:05:13,2023-10-24 17:39:34
114,"Uninvited, The",Database Administrator I,IdSapienIn.mov,4825.01,3,10,2023-10-22 12:49:09,2023-10-21 11:36:24
115,Fire and Ice,Product Engineer,TempusVivamusIn.mpeg,7617.64,8,8,2023-10-23 07:24:52,2023-10-24 14:21:26
116,"Adventures of Huck Finn, The",Biostatistician I,Ipsum.txt,2008.09,10,7,2023-10-23 03:39:51,2023-10-22 21:12:46
117,Children of the Corn,Statistician II,IdTurpis.avi,8477.61,14,15,2023-10-21 20:55:47,2023-10-24 17:32:26
118,Punk in London,Staff Accountant I,UltricesPhasellus.ppt,7553.42,11,11,2023-10-23 22:11:23,2023-10-21 05:25:34
119,"Painting Sellers, The (Taulukauppiaat)",Actuary,TortorId.gif,3653.24,6,7,2023-10-24 01:22:27,2023-10-24 08:54:53
120,Mortdecai,Senior Financial Analyst,LuctusEt.doc,9486.17,14,6,2023-10-24 09:40:31,2023-10-24 07:32:18
121,Tammy and the Bachelor,Community Outreach Specialist,Etiam.pdf,4578.87,7,9,2023-10-24 04:47:27,2023-10-24 12:16:12
122,Americathon,Programmer III,SapienVariusUt.avi,7927.62,15,13,2023-10-24 18:24:23,2023-10-24 01:45:39
123,The Adventures of André and Wally B.,Marketing Assistant,ElementumLigulaVehicula.gif,9207.02,19,11,2023-10-23 13:09:13,2023-10-24 22:38:34
124,Goya in Bordeaux (Goya en Burdeos),General Manager,NonPretium.avi,4632.65,9,12,2023-10-24 09:07:12,2023-10-24 13:18:34
125,Badman's Territory,Sales Representative,Ac.avi,2314.18,7,8,2023-10-23 13:48:19,2023-10-21 08:49:45
126,Hyenas (Hyènes),Systems Administrator III,CrasMiPede.ppt,4558.55,16,7,2023-10-24 05:45:29,2023-10-21 00:46:31
127,Longford,Recruiting Manager,CongueElementum.txt,6579.6,6,8,2023-10-22 09:23:39,2023-10-22 15:15:33
128,High Time (Big Daddy),Programmer Analyst I,UrnaUt.txt,7605.04,19,6,2023-10-24 13:41:49,2023-10-22 16:01:27
129,Better Off Dead...,Quality Control Specialist,NasceturRidiculus.xls,5106.03,16,7,2023-10-24 00:39:55,2023-10-23 06:43:37
130,Alice Doesn't Live Here Anymore,Associate Professor,NullaJusto.tiff,1620.71,19,10,2023-10-23 18:49:01,2023-10-23 02:49:42
131,"World of Henry Orient, The",Physical Therapy Assistant,LeoPellentesque.png,4297.91,13,9,2023-10-21 21:44:46,2023-10-22 17:16:58
132,Guys and Dolls,Geologist II,VelAccumsanTellus.pdf,2304.49,3,19,2023-10-22 00:47:37,2023-10-22 18:22:57
133,Appaloosa,Environmental Specialist,InFelisEu.tiff,4634.25,13,5,2023-10-22 19:08:58,2023-10-22 08:36:08
134,Branded,Environmental Specialist,In.mov,7713.16,13,8,2023-10-21 14:27:47,2023-10-23 09:13:31
135,For Love of the Game,Mechanical Systems Engineer,EratNulla.txt,4567.34,17,16,2023-10-22 18:20:30,2023-10-21 03:07:12
136,"Apartment, The",Chief Design Engineer,AmetNuncViverra.gif,8481.3,17,16,2023-10-21 18:29:56,2023-10-23 11:03:14
137,Silkwood,Chief Design Engineer,Vestibulum.avi,3832.57,17,4,2023-10-23 08:08:30,2023-10-21 00:37:45
138,Song of the Thin Man,Recruiting Manager,Eu.mp3,9199.07,17,17,2023-10-21 12:42:02,2023-10-23 12:29:30
139,"Second Woman, The",Web Designer IV,Donec.jpeg,4269.64,16,11,2023-10-22 22:21:23,2023-10-22 13:53:52
140,"Other Side of the Bed, The (Otro lado de la cama, El)",VP Product Management,Lobortis.avi,7289.06,12,10,2023-10-22 13:16:02,2023-10-21 00:15:42
141,"Gas, Inspector Palmu! (Kaasua, komisario Palmu!)",Registered Nurse,Rutrum.avi,8273.95,17,16,2023-10-24 01:36:59,2023-10-21 04:13:58
142,Powder Room,Quality Control Specialist,ProinLeo.tiff,5751.14,2,17,2023-10-21 01:04:38,2023-10-21 23:18:25
143,"Hijacking, A (Kapringen)",Technical Writer,Semper.mp3,2425.23,20,3,2023-10-24 16:11:53,2023-10-23 04:24:12
144,Out of Nature,Senior Cost Accountant,MassaId.ppt,7398.44,3,19,2023-10-21 20:19:40,2023-10-22 19:58:01
145,Under the Skin of the City (Zir-e-poost-e Shahr),Help Desk Operator,QuisTortor.pdf,8615.22,12,17,2023-10-21 01:17:06,2023-10-23 13:54:09
146,Species,General Manager,GravidaSemPraesent.mp3,406.63,11,4,2023-10-21 10:25:50,2023-10-23 23:06:25
147,Empire of Dreams: The Story of the 'Star Wars' Trilogy,Financial Advisor,Sapien.jpeg,6197.02,3,19,2023-10-24 03:22:09,2023-10-21 22:09:39
148,Donkey Xote,Programmer Analyst II,Nisl.avi,5277.8,12,15,2023-10-21 18:07:01,2023-10-24 01:32:56
149,Afterschool,Senior Quality Engineer,UtUltricesVel.mp3,8376.62,2,12,2023-10-22 09:45:40,2023-10-21 16:05:03
150,"Grapes of Death, The (Raisins de la mort, Les)",Developer IV,PortaVolutpatQuam.mov,4346.79,11,14,2023-10-22 01:41:39,2023-10-21 17:45:22
151,Unforgiven,Environmental Tech,LectusVestibulumQuam.mov,107.87,6,11,2023-10-21 12:43:35,2023-10-22 04:36:46
152,"Magnificent Ambersons, The",Occupational Therapist,NecEuismod.ppt,928.04,9,14,2023-10-21 12:30:27,2023-10-22 20:13:29
153,Ghostbusters (a.k.a. Ghost Busters),Senior Editor,TemporConvallisNulla.ppt,4781.39,12,16,2023-10-23 15:56:20,2023-10-23 06:13:29
154,Outskirts (Okraina),Account Representative III,Ut.pdf,5766.11,5,8,2023-10-22 14:52:14,2023-10-24 13:09:17
155,"Employment, The (Empleo, El)",Help Desk Technician,QuisOrciNullam.doc,5866.07,2,6,2023-10-22 19:55:21,2023-10-21 01:48:23
156,That Certain Woman,Software Engineer III,MiIntegerAc.txt,5942.21,13,20,2023-10-22 13:29:08,2023-10-24 08:58:13
157,"Son of Kong, The",VP Quality Control,Tempor.xls,283.98,9,4,2023-10-21 22:41:25,2023-10-21 07:03:47
158,Bounce,Nurse,NequeLibero.mp3,1425.21,3,15,2023-10-21 05:29:09,2023-10-21 04:18:24
159,Violet & Daisy,Assistant Media Planner,IdConsequat.avi,9771.7,13,14,2023-10-22 04:18:21,2023-10-22 09:40:37
160,"Cup, The (Phörpa)",Accounting Assistant I,Iaculis.mp3,2203.82,16,18,2023-10-24 03:10:57,2023-10-21 11:25:09
161,Carmen,Executive Secretary,Nibh.jpeg,1391.06,4,17,2023-10-22 11:01:27,2023-10-24 20:59:28
162,Sense & Sensibility,Assistant Media Planner,In.xls,3701.76,10,2,2023-10-23 19:50:01,2023-10-21 15:10:44
163,Frailty,Web Developer II,Varius.mp3,2666.59,5,12,2023-10-23 00:04:00,2023-10-21 09:20:42
164,Mutants,Web Designer I,LuctusEtUltrices.xls,6545.51,12,20,2023-10-21 18:33:29,2023-10-23 00:03:49
165,The Virginian,Graphic Designer,VitaeIpsum.avi,6561.39,14,19,2023-10-24 19:04:08,2023-10-24 04:52:56
166,Pulse (Kairo),Analyst Programmer,Consequat.avi,353.46,7,20,2023-10-21 21:12:46,2023-10-23 08:50:18
167,"Outsiders, The",Senior Sales Associate,Amet.xls,4052.19,4,13,2023-10-21 17:34:57,2023-10-22 09:43:26
168,"Guest, The",Recruiting Manager,AtVelitVivamus.avi,7362.77,17,20,2023-10-21 08:32:38,2023-10-24 19:21:39
169,"Chronicle of Anna Magdalena Bach, The (Chronik der Anna Magdalena Bach)",Data Coordinator,Sit.ppt,8069.51,10,14,2023-10-23 20:18:30,2023-10-21 04:54:28
170,Oscar and the Lady in Pink,Operator,ViverraDiamVitae.mp3,679.82,3,18,2023-10-24 06:44:54,2023-10-21 00:13:36
171,Tomboy,Teacher,Ut.mp3,5357.45,16,15,2023-10-23 07:33:43,2023-10-22 14:29:50
172,Moon,Computer Systems Analyst I,MaurisViverra.tiff,7828.86,19,1,2023-10-23 16:35:17,2023-10-23 16:04:52
173,Illegal,Physical Therapy Assistant,ALiberoNam.avi,5598.75,20,19,2023-10-24 17:21:24,2023-10-21 01:13:21
174,Summertime,Research Assistant II,NullaSed.xls,8419.15,6,15,2023-10-21 02:21:27,2023-10-22 01:37:27
175,"Other Son, The (Fils de l'autre, Le)",Internal Auditor,SitAmet.xls,9856.26,20,2,2023-10-21 01:29:48,2023-10-24 18:20:45
176,...And God Spoke,Programmer Analyst III,PurusEuMagna.avi,1604.28,8,3,2023-10-22 02:57:40,2023-10-21 07:56:36
177,Reefer Madness (a.k.a. Tell Your Children),Sales Representative,Euismod.avi,7902.65,7,18,2023-10-22 17:21:50,2023-10-24 20:22:55
178,Ethan Mao,Software Test Engineer I,In.avi,6122.29,2,17,2023-10-22 11:55:24,2023-10-23 10:14:41
179,Cuban Fury,Account Representative II,TempusSemper.ppt,2478.65,15,15,2023-10-22 07:15:44,2023-10-21 05:25:48
180,Conflict,Desktop Support Technician,Interdum.avi,916.59,12,11,2023-10-24 21:32:58,2023-10-24 02:44:43
181,I Give It a Year,Structural Engineer,Mi.mp3,1775.79,1,1,2023-10-23 14:52:51,2023-10-24 00:37:27
182,Some Girl(s),Research Nurse,Nulla.xls,2493.97,17,6,2023-10-22 07:56:45,2023-10-21 17:17:13
183,Tribute,Desktop Support Technician,Proin.gif,6260.16,15,12,2023-10-21 12:35:52,2023-10-21 08:16:13
184,What Happened Was...,Project Manager,UtNunc.txt,9100.75,16,4,2023-10-24 02:08:55,2023-10-23 00:28:20
185,"Little Foxes, The",GIS Technical Architect,AugueVel.jpeg,5301.77,9,6,2023-10-21 04:09:04,2023-10-24 00:33:44
186,"Generation, A (Pokolenie)",Actuary,Pretium.jpeg,3460.3,13,9,2023-10-24 02:22:56,2023-10-22 06:49:33
187,Criss Cross,Civil Engineer,Consequat.tiff,8173.98,12,6,2023-10-24 11:48:13,2023-10-24 01:24:56
188,Fellini's Casanova (Il Casanova di Federico Fellini),Automation Specialist I,ElitProinInterdum.ppt,5020.32,20,11,2023-10-21 07:10:41,2023-10-21 15:40:33
189,Husk,Geological Engineer,IdLuctus.xls,1279.42,2,1,2023-10-24 12:07:22,2023-10-23 06:35:37
190,"Rage, The",Administrative Officer,ConsectetuerAdipiscingElit.jpeg,4848.55,16,9,2023-10-23 15:01:36,2023-10-23 13:36:18
191,"Bourne Legacy, The",Research Assistant II,InConsequat.jpeg,592.24,10,5,2023-10-21 08:14:18,2023-10-24 04:23:40
192,A Most Violent Year,Speech Pathologist,UltricesPosuereCubilia.avi,6167.38,10,2,2023-10-22 22:26:07,2023-10-22 14:15:16
193,Adam and Eve (Adão e Eva),Accounting Assistant IV,EnimSitAmet.xls,9758.12,4,15,2023-10-22 00:42:06,2023-10-22 10:56:12
194,"Law of Desire (Ley del deseo, La)",Assistant Professor,LaciniaAenean.xls,5829.71,12,4,2023-10-24 00:25:32,2023-10-24 16:50:27
195,Ill Manors,Nurse Practicioner,MolestieSed.ppt,2421.64,5,7,2023-10-21 15:59:10,2023-10-21 11:55:49
196,Science and Islam,Accounting Assistant I,NisiVenenatisTristique.xls,8880.77,9,1,2023-10-23 00:34:24,2023-10-22 15:28:26
197,Olympian Holiday (Loma) ,Structural Analysis Engineer,VivamusVestibulumSagittis.ppt,3669.41,14,12,2023-10-22 23:48:10,2023-10-23 04:24:17
198,"Switch, The",Occupational Therapist,Mi.tiff,9332.17,7,3,2023-10-21 11:18:51,2023-10-24 06:34:33
199,"Way Back, The",Tax Accountant,Montes.jpeg,6449.3,17,18,2023-10-24 05:25:26,2023-10-24 18:09:39
200,Waiting to Exhale,Media Manager III,CondimentumId.xls,9542.21,9,5,2023-10-24 05:31:56,2023-10-23 05:39:34
